"SurveyID","SampleDate","Survey","Comments"
1,4/24/1995 0:00:00,1,
2,4/25/1995 0:00:00,1,
3,4/26/1995 0:00:00,1,
4,4/27/1995 0:00:00,1,
5,4/28/1995 0:00:00,1,
6,5/8/1995 0:00:00,2,
7,5/9/1995 0:00:00,2,
8,5/10/1995 0:00:00,2,
9,5/11/1995 0:00:00,2,
10,5/12/1995 0:00:00,2,
11,5/22/1995 0:00:00,3,
12,5/23/1995 0:00:00,3,
13,5/24/1995 0:00:00,3,
14,5/25/1995 0:00:00,3,
15,5/26/1995 0:00:00,3,
16,6/5/1995 0:00:00,4,
17,6/6/1995 0:00:00,4,
18,6/7/1995 0:00:00,4,
19,6/8/1995 0:00:00,4,
20,6/9/1995 0:00:00,4,
21,6/19/1995 0:00:00,5,
22,6/20/1995 0:00:00,5,
23,6/21/1995 0:00:00,5,
24,6/22/1995 0:00:00,5,
25,6/23/1995 0:00:00,5,
26,6/24/1995 0:00:00,5,
27,7/3/1995 0:00:00,6,
28,7/4/1995 0:00:00,6,
29,7/5/1995 0:00:00,6,
30,7/6/1995 0:00:00,6,
31,7/7/1995 0:00:00,6,
32,7/10/1995 0:00:00,6,
33,7/17/1995 0:00:00,7,
34,7/18/1995 0:00:00,7,
35,7/19/1995 0:00:00,7,
36,7/20/1995 0:00:00,7,
37,7/21/1995 0:00:00,7,
38,7/24/1995 0:00:00,7,
39,7/31/1995 0:00:00,8,
40,8/1/1995 0:00:00,8,
41,8/3/1995 0:00:00,8,
42,8/4/1995 0:00:00,8,
43,8/7/1995 0:00:00,8,
44,8/8/1995 0:00:00,8,
45,4/10/1996 0:00:00,1,
46,4/11/1996 0:00:00,1,
47,4/12/1996 0:00:00,1,
48,4/13/1996 0:00:00,1,
49,4/14/1996 0:00:00,1,
50,4/16/1996 0:00:00,1,
51,4/17/1996 0:00:00,1,
52,4/24/1996 0:00:00,2,
53,4/25/1996 0:00:00,2,
54,4/26/1996 0:00:00,2,
55,4/27/1996 0:00:00,2,
56,4/28/1996 0:00:00,2,
57,4/29/1996 0:00:00,2,
58,4/30/1996 0:00:00,2,
59,5/9/1996 0:00:00,3,
60,5/10/1996 0:00:00,3,
61,5/11/1996 0:00:00,3,
62,5/12/1996 0:00:00,3,
63,5/13/1996 0:00:00,3,
64,5/14/1996 0:00:00,3,
65,5/21/1996 0:00:00,4,
66,5/22/1996 0:00:00,4,
67,5/23/1996 0:00:00,4,
68,5/24/1996 0:00:00,4,
69,5/28/1996 0:00:00,4,
70,5/29/1996 0:00:00,4,
71,6/8/1996 0:00:00,5,
72,6/9/1996 0:00:00,5,
73,6/10/1996 0:00:00,5,
74,6/11/1996 0:00:00,5,
75,6/13/1996 0:00:00,5,
76,6/14/1996 0:00:00,5,
77,6/24/1996 0:00:00,6,
78,6/25/1996 0:00:00,6,
79,6/26/1996 0:00:00,6,
80,6/27/1996 0:00:00,6,
81,6/28/1996 0:00:00,6,
82,6/29/1996 0:00:00,6,
83,7/8/1996 0:00:00,7,
84,7/9/1996 0:00:00,7,
85,7/10/1996 0:00:00,7,
86,7/11/1996 0:00:00,7,
87,7/12/1996 0:00:00,7,
88,7/13/1996 0:00:00,7,
89,7/22/1996 0:00:00,8,
90,7/23/1996 0:00:00,8,
91,7/24/1996 0:00:00,8,
92,7/25/1996 0:00:00,8,
93,7/26/1996 0:00:00,8,
94,7/27/1996 0:00:00,8,
95,3/31/1997 0:00:00,1,
96,4/1/1997 0:00:00,1,
98,4/3/1997 0:00:00,1,
99,4/4/1997 0:00:00,1,
100,4/5/1997 0:00:00,1,
101,4/14/1997 0:00:00,2,
102,4/15/1997 0:00:00,2,
103,4/16/1997 0:00:00,2,
104,4/17/1997 0:00:00,2,
105,4/18/1997 0:00:00,2,
106,4/19/1997 0:00:00,2,
107,4/28/1997 0:00:00,3,
108,4/29/1997 0:00:00,3,
109,4/30/1997 0:00:00,3,
110,5/1/1997 0:00:00,3,
111,5/2/1997 0:00:00,3,
112,5/3/1997 0:00:00,3,
113,5/12/1997 0:00:00,4,
114,5/13/1997 0:00:00,4,
115,5/14/1997 0:00:00,4,
116,5/15/1997 0:00:00,4,
117,5/16/1997 0:00:00,4,
118,5/17/1997 0:00:00,4,
119,5/27/1997 0:00:00,5,
120,5/28/1997 0:00:00,5,
121,5/30/1997 0:00:00,5,
122,5/31/1997 0:00:00,5,
123,6/1/1997 0:00:00,5,
124,6/9/1997 0:00:00,6,
125,6/10/1997 0:00:00,6,
126,6/11/1997 0:00:00,6,
127,6/12/1997 0:00:00,6,
128,6/13/1997 0:00:00,6,
129,6/14/1997 0:00:00,6,
130,6/24/1997 0:00:00,7,
131,6/25/1997 0:00:00,7,
132,6/26/1997 0:00:00,7,
133,6/27/1997 0:00:00,7,
134,6/28/1997 0:00:00,7,
135,6/29/1997 0:00:00,7,
136,7/8/1997 0:00:00,8,
137,7/9/1997 0:00:00,8,
138,7/10/1997 0:00:00,8,
139,7/11/1997 0:00:00,8,
140,7/12/1997 0:00:00,8,
141,7/13/1997 0:00:00,8,
142,7/22/1997 0:00:00,9,
143,7/23/1997 0:00:00,9,
144,7/24/1997 0:00:00,9,
145,7/25/1997 0:00:00,9,
146,7/26/1997 0:00:00,9,
147,4/6/1998 0:00:00,1,
148,4/7/1998 0:00:00,1,
149,4/8/1998 0:00:00,1,
150,4/9/1998 0:00:00,1,
151,4/10/1998 0:00:00,1,
152,4/11/1998 0:00:00,1,
153,4/21/1998 0:00:00,2,
154,4/22/1998 0:00:00,2,
155,4/23/1998 0:00:00,2,
156,4/24/1998 0:00:00,2,
157,4/25/1998 0:00:00,2,
158,5/4/1998 0:00:00,3,
159,5/5/1998 0:00:00,3,
160,5/6/1998 0:00:00,3,
161,5/7/1998 0:00:00,3,
162,5/8/1998 0:00:00,3,
163,5/9/1998 0:00:00,3,
164,5/18/1998 0:00:00,4,
165,5/19/1998 0:00:00,4,
166,5/20/1998 0:00:00,4,
167,5/21/1998 0:00:00,4,
168,5/22/1998 0:00:00,4,
169,5/23/1998 0:00:00,4,
170,6/1/1998 0:00:00,5,
171,6/2/1998 0:00:00,5,
172,6/3/1998 0:00:00,5,
173,6/4/1998 0:00:00,5,
174,6/5/1998 0:00:00,5,
175,6/6/1998 0:00:00,5,
176,6/15/1998 0:00:00,6,
177,6/16/1998 0:00:00,6,
178,6/17/1998 0:00:00,6,
179,6/18/1998 0:00:00,6,
180,6/19/1998 0:00:00,6,
181,6/20/1998 0:00:00,6,
182,6/28/1998 0:00:00,7,
183,6/29/1998 0:00:00,7,
184,6/30/1998 0:00:00,7,
185,7/1/1998 0:00:00,7,
186,7/2/1998 0:00:00,7,
187,7/3/1998 0:00:00,7,
188,7/13/1998 0:00:00,8,
189,7/14/1998 0:00:00,8,
190,7/15/1998 0:00:00,8,
191,7/17/1998 0:00:00,8,
192,7/18/1998 0:00:00,8,
193,7/27/1998 0:00:00,9,
194,7/28/1998 0:00:00,9,
195,7/29/1998 0:00:00,9,
196,7/30/1998 0:00:00,9,
197,7/31/1998 0:00:00,9,
198,8/1/1998 0:00:00,9,
199,4/12/1999 0:00:00,1,
200,4/13/1999 0:00:00,1,
201,4/14/1999 0:00:00,1,
202,4/15/1999 0:00:00,1,
203,4/16/1999 0:00:00,1,
204,4/17/1999 0:00:00,1,
205,4/26/1999 0:00:00,2,
206,4/27/1999 0:00:00,2,
207,4/28/1999 0:00:00,2,
208,4/29/1999 0:00:00,2,
209,4/30/1999 0:00:00,2,
210,5/1/1999 0:00:00,2,
211,5/10/1999 0:00:00,3,
212,5/11/1999 0:00:00,3,
213,5/12/1999 0:00:00,3,
214,5/13/1999 0:00:00,3,
215,5/14/1999 0:00:00,3,
216,5/15/1999 0:00:00,3,
217,5/23/1999 0:00:00,4,
218,5/24/1999 0:00:00,4,
219,5/25/1999 0:00:00,4,
220,5/28/1999 0:00:00,4,
221,6/2/1999 0:00:00,10,
222,6/7/1999 0:00:00,5,
223,6/8/1999 0:00:00,5,
224,6/9/1999 0:00:00,5,
225,6/10/1999 0:00:00,5,
226,6/11/1999 0:00:00,5,
227,6/12/1999 0:00:00,5,
228,6/14/1999 0:00:00,11,
229,6/21/1999 0:00:00,6,
230,6/22/1999 0:00:00,6,
231,6/23/1999 0:00:00,6,
232,6/24/1999 0:00:00,6,
233,6/25/1999 0:00:00,6,
234,6/26/1999 0:00:00,6,
235,6/28/1999 0:00:00,12,
236,7/6/1999 0:00:00,7,
237,7/7/1999 0:00:00,7,
238,7/8/1999 0:00:00,7,
239,7/9/1999 0:00:00,7,
240,7/10/1999 0:00:00,7,
241,7/19/1999 0:00:00,8,
242,7/20/1999 0:00:00,8,
243,7/21/1999 0:00:00,8,
244,7/22/1999 0:00:00,8,
245,7/23/1999 0:00:00,8,
246,7/24/1999 0:00:00,8,
247,3/20/2000 0:00:00,1,
248,3/21/2000 0:00:00,1,
249,3/22/2000 0:00:00,1,
250,3/23/2000 0:00:00,1,
251,3/24/2000 0:00:00,1,
252,3/25/2000 0:00:00,1,
253,4/3/2000 0:00:00,2,
254,4/4/2000 0:00:00,2,
255,4/5/2000 0:00:00,2,
256,4/6/2000 0:00:00,2,
257,4/7/2000 0:00:00,2,
258,4/8/2000 0:00:00,2,
259,4/17/2000 0:00:00,3,
260,4/18/2000 0:00:00,3,
261,4/19/2000 0:00:00,3,
262,4/20/2000 0:00:00,3,
263,4/21/2000 0:00:00,3,
264,4/22/2000 0:00:00,3,
265,5/1/2000 0:00:00,4,
266,5/2/2000 0:00:00,4,
267,5/3/2000 0:00:00,4,
268,5/4/2000 0:00:00,4,
269,5/5/2000 0:00:00,4,
270,5/7/2000 0:00:00,10,
271,5/8/2000 0:00:00,10,
272,5/9/2000 0:00:00,10,
273,5/15/2000 0:00:00,5,
274,5/16/2000 0:00:00,5,
275,5/17/2000 0:00:00,5,
276,5/18/2000 0:00:00,5,
277,5/19/2000 0:00:00,5,
278,5/22/2000 0:00:00,11,
279,5/23/2000 0:00:00,11,
280,5/24/2000 0:00:00,11,
281,5/29/2000 0:00:00,6,
282,5/30/2000 0:00:00,6,
283,5/31/2000 0:00:00,6,
284,6/1/2000 0:00:00,6,
285,6/2/2000 0:00:00,6,
286,6/2/2000 0:00:00,12,
287,6/5/2000 0:00:00,12,
288,6/6/2000 0:00:00,12,
289,6/7/2000 0:00:00,12,
290,6/12/2000 0:00:00,7,
291,6/13/2000 0:00:00,7,
292,6/14/2000 0:00:00,7,
293,6/15/2000 0:00:00,7,
294,6/16/2000 0:00:00,7,
295,6/17/2000 0:00:00,7,
296,6/26/2000 0:00:00,8,
297,6/27/2000 0:00:00,8,
298,6/28/2000 0:00:00,8,
299,6/29/2000 0:00:00,8,
300,6/30/2000 0:00:00,8,
301,7/10/2000 0:00:00,9,
302,7/11/2000 0:00:00,9,
303,7/13/2000 0:00:00,9,
304,7/14/2000 0:00:00,9,
305,7/15/2000 0:00:00,9,
306,3/19/2001 0:00:00,1,
307,3/20/2001 0:00:00,1,
308,3/21/2001 0:00:00,1,
309,3/22/2001 0:00:00,1,
310,3/23/2001 0:00:00,1,
311,3/24/2001 0:00:00,1,
312,4/2/2001 0:00:00,2,
313,4/3/2001 0:00:00,2,
314,4/4/2001 0:00:00,2,
315,4/5/2001 0:00:00,2,
316,4/6/2001 0:00:00,2,
317,4/7/2001 0:00:00,2,
318,4/16/2001 0:00:00,3,
319,4/17/2001 0:00:00,3,
320,4/18/2001 0:00:00,3,
321,4/19/2001 0:00:00,3,
322,4/20/2001 0:00:00,3,
323,4/21/2001 0:00:00,3,
324,4/30/2001 0:00:00,4,
325,5/1/2001 0:00:00,4,
326,5/3/2001 0:00:00,4,
327,5/4/2001 0:00:00,4,
328,5/5/2001 0:00:00,4,
329,5/7/2001 0:00:00,4,
330,5/14/2001 0:00:00,5,
331,5/15/2001 0:00:00,5,
332,5/16/2001 0:00:00,5,
333,5/17/2001 0:00:00,5,
334,5/18/2001 0:00:00,5,
335,5/19/2001 0:00:00,5,
336,5/29/2001 0:00:00,6,
337,5/30/2001 0:00:00,6,
338,5/31/2001 0:00:00,6,
339,6/1/2001 0:00:00,6,
340,6/2/2001 0:00:00,6,
341,6/4/2001 0:00:00,6,
342,6/11/2001 0:00:00,7,
343,6/12/2001 0:00:00,7,
344,6/13/2001 0:00:00,7,
345,6/14/2001 0:00:00,7,
346,6/15/2001 0:00:00,7,
347,6/16/2001 0:00:00,7,
348,6/25/2001 0:00:00,8,
349,6/26/2001 0:00:00,8,
350,6/27/2001 0:00:00,8,
351,6/28/2001 0:00:00,8,
352,6/29/2001 0:00:00,8,
353,6/30/2001 0:00:00,8,
354,7/9/2001 0:00:00,9,
355,3/18/2002 0:00:00,1,
356,3/19/2002 0:00:00,1,
357,3/20/2002 0:00:00,1,
358,3/21/2002 0:00:00,1,
359,3/22/2002 0:00:00,1,
360,3/23/2002 0:00:00,1,
361,4/2/2002 0:00:00,2,
362,4/3/2002 0:00:00,2,
363,4/4/2002 0:00:00,2,
364,4/5/2002 0:00:00,2,
365,4/6/2002 0:00:00,2,
366,4/7/2002 0:00:00,2,
367,4/15/2002 0:00:00,3,
368,4/16/2002 0:00:00,3,
369,4/17/2002 0:00:00,3,
370,4/18/2002 0:00:00,3,
371,4/19/2002 0:00:00,3,
372,4/20/2002 0:00:00,3,
373,4/29/2002 0:00:00,4,
374,4/30/2002 0:00:00,4,
375,5/1/2002 0:00:00,4,
376,5/2/2002 0:00:00,4,
377,5/3/2002 0:00:00,4,
378,5/4/2002 0:00:00,4,
379,5/13/2002 0:00:00,5,
380,5/14/2002 0:00:00,5,
381,5/15/2002 0:00:00,5,
382,5/16/2002 0:00:00,5,
383,5/17/2002 0:00:00,5,
384,5/18/2002 0:00:00,5,
385,5/28/2002 0:00:00,6,
386,5/29/2002 0:00:00,6,
387,5/30/2002 0:00:00,6,
388,5/31/2002 0:00:00,6,
389,6/1/2002 0:00:00,6,
390,6/2/2002 0:00:00,6,
391,6/10/2002 0:00:00,7,
392,6/11/2002 0:00:00,7,
393,6/12/2002 0:00:00,7,
394,6/14/2002 0:00:00,7,
395,6/15/2002 0:00:00,7,
396,6/24/2002 0:00:00,8,
397,6/25/2002 0:00:00,8,
398,6/26/2002 0:00:00,8,
399,6/27/2002 0:00:00,8,
400,6/28/2002 0:00:00,8,
401,6/29/2002 0:00:00,8,
402,3/24/2003 0:00:00,1,
403,3/25/2003 0:00:00,1,
404,3/26/2003 0:00:00,1,
405,3/27/2003 0:00:00,1,
406,3/28/2003 0:00:00,1,
407,3/29/2003 0:00:00,1,
408,4/7/2003 0:00:00,2,
409,4/8/2003 0:00:00,2,
410,4/9/2003 0:00:00,2,
411,4/10/2003 0:00:00,2,
412,4/11/2003 0:00:00,2,
413,4/12/2003 0:00:00,2,
414,4/21/2003 0:00:00,3,
415,4/22/2003 0:00:00,3,
416,4/23/2003 0:00:00,3,
417,4/24/2003 0:00:00,3,
418,4/25/2003 0:00:00,3,
419,4/26/2003 0:00:00,3,
420,5/5/2003 0:00:00,4,
421,5/6/2003 0:00:00,4,
422,5/7/2003 0:00:00,4,
423,5/8/2003 0:00:00,4,
424,5/9/2003 0:00:00,4,
425,5/10/2003 0:00:00,4,
426,5/19/2003 0:00:00,5,
427,5/20/2003 0:00:00,5,
428,5/21/2003 0:00:00,5,
429,5/22/2003 0:00:00,5,
430,5/23/2003 0:00:00,5,
431,5/24/2003 0:00:00,5,
432,6/2/2003 0:00:00,6,
433,6/3/2003 0:00:00,6,
434,6/4/2003 0:00:00,6,
435,6/5/2003 0:00:00,6,
436,6/6/2003 0:00:00,6,
437,6/7/2003 0:00:00,6,
438,6/16/2003 0:00:00,7,
439,6/17/2003 0:00:00,7,
440,6/18/2003 0:00:00,7,
441,6/19/2003 0:00:00,7,
442,6/20/2003 0:00:00,7,
443,6/21/2003 0:00:00,7,
444,6/30/2003 0:00:00,8,
445,7/1/2003 0:00:00,8,
446,7/2/2003 0:00:00,8,
447,7/3/2003 0:00:00,8,
448,3/29/2004 0:00:00,1,
449,3/30/2004 0:00:00,1,
450,4/1/2004 0:00:00,1,
451,4/3/2004 0:00:00,1,
452,4/12/2004 0:00:00,2,
453,4/13/2004 0:00:00,2,
454,4/14/2004 0:00:00,2,
455,4/15/2004 0:00:00,2,
456,4/16/2004 0:00:00,2,
457,4/26/2004 0:00:00,3,
458,4/27/2004 0:00:00,3,
459,4/28/2004 0:00:00,3,
460,4/29/2004 0:00:00,3,
461,4/30/2004 0:00:00,3,
462,5/10/2004 0:00:00,4,
463,5/11/2004 0:00:00,4,
464,5/12/2004 0:00:00,4,
465,5/14/2004 0:00:00,4,
466,5/15/2004 0:00:00,4,
467,5/24/2004 0:00:00,5,
468,5/25/2004 0:00:00,5,
469,5/26/2004 0:00:00,5,
470,5/27/2004 0:00:00,5,
471,5/28/2004 0:00:00,5,
472,6/7/2004 0:00:00,6,
473,6/8/2004 0:00:00,6,
474,6/9/2004 0:00:00,6,
475,6/10/2004 0:00:00,6,
476,6/11/2004 0:00:00,6,
477,6/12/2004 0:00:00,6,
478,6/21/2004 0:00:00,7,
479,6/22/2004 0:00:00,7,
480,6/23/2004 0:00:00,7,
481,6/24/2004 0:00:00,7,
482,6/25/2004 0:00:00,7,
483,7/6/2004 0:00:00,8,
484,7/7/2004 0:00:00,8,
485,7/8/2004 0:00:00,8,
486,7/9/2004 0:00:00,8,
487,7/10/2004 0:00:00,8,
488,3/14/2005 0:00:00,1,
489,3/15/2005 0:00:00,1,
490,3/16/2005 0:00:00,1,
491,3/17/2005 0:00:00,1,
492,3/18/2005 0:00:00,1,
493,3/19/2005 0:00:00,1,
494,3/28/2005 0:00:00,2,
495,3/29/2005 0:00:00,2,
496,3/30/2005 0:00:00,2,
497,4/1/2005 0:00:00,2,
498,4/2/2005 0:00:00,2,
499,4/11/2005 0:00:00,3,
500,4/12/2005 0:00:00,3,
501,4/13/2005 0:00:00,3,
502,4/14/2005 0:00:00,3,
503,4/15/2005 0:00:00,3,
504,4/16/2005 0:00:00,3,
505,4/25/2005 0:00:00,4,
506,4/26/2005 0:00:00,4,
507,4/27/2005 0:00:00,4,
508,4/28/2005 0:00:00,4,
509,4/29/2005 0:00:00,4,
510,5/9/2005 0:00:00,5,
511,5/10/2005 0:00:00,5,
512,5/11/2005 0:00:00,5,
513,5/12/2005 0:00:00,5,
514,5/13/2005 0:00:00,5,
515,5/23/2005 0:00:00,6,
516,5/24/2005 0:00:00,6,
517,5/25/2005 0:00:00,6,
518,5/26/2005 0:00:00,6,
519,5/27/2005 0:00:00,6,
520,6/6/2005 0:00:00,7,
521,6/7/2005 0:00:00,7,
522,6/8/2005 0:00:00,7,
523,6/9/2005 0:00:00,7,
524,6/10/2005 0:00:00,7,
525,6/11/2005 0:00:00,7,
526,6/20/2005 0:00:00,8,
527,6/21/2005 0:00:00,8,
528,6/22/2005 0:00:00,8,
529,6/23/2005 0:00:00,8,
530,6/24/2005 0:00:00,8,
531,7/5/2005 0:00:00,9,
532,7/6/2005 0:00:00,9,
533,7/7/2005 0:00:00,9,
534,7/8/2005 0:00:00,9,
535,7/9/2005 0:00:00,9,
536,3/20/2006 0:00:00,1,
537,3/21/2006 0:00:00,1,
538,3/22/2006 0:00:00,1,
539,3/23/2006 0:00:00,1,
540,3/24/2006 0:00:00,1,
541,3/25/2006 0:00:00,1,
542,4/3/2006 0:00:00,2,
543,4/4/2006 0:00:00,2,
544,4/5/2006 0:00:00,2,
545,4/6/2006 0:00:00,2,
546,4/7/2006 0:00:00,2,
547,4/8/2006 0:00:00,2,
548,4/17/2006 0:00:00,3,
549,4/18/2006 0:00:00,3,
550,4/19/2006 0:00:00,3,
551,4/20/2006 0:00:00,3,
552,4/21/2006 0:00:00,3,
553,4/22/2006 0:00:00,3,
554,5/1/2006 0:00:00,4,
555,5/2/2006 0:00:00,4,
556,5/3/2006 0:00:00,4,
557,5/4/2006 0:00:00,4,
558,5/5/2006 0:00:00,4,
559,5/6/2006 0:00:00,4,
560,5/15/2006 0:00:00,5,
561,5/16/2006 0:00:00,5,
562,5/17/2006 0:00:00,5,
563,5/18/2006 0:00:00,5,
564,5/19/2006 0:00:00,5,
565,5/20/2006 0:00:00,5,
566,5/30/2006 0:00:00,6,
567,5/31/2006 0:00:00,6,
568,6/1/2006 0:00:00,6,
569,6/2/2006 0:00:00,6,
570,6/3/2006 0:00:00,6,
571,6/12/2006 0:00:00,7,
572,6/13/2006 0:00:00,7,
573,6/14/2006 0:00:00,7,
574,6/15/2006 0:00:00,7,
575,6/16/2006 0:00:00,7,
576,6/17/2006 0:00:00,7,
577,6/26/2006 0:00:00,8,
578,6/27/2006 0:00:00,8,
579,6/28/2006 0:00:00,8,
580,6/29/2006 0:00:00,8,
581,6/30/2006 0:00:00,8,
582,7/1/2006 0:00:00,8,
583,7/10/2006 0:00:00,9,
584,7/11/2006 0:00:00,9,
585,7/12/2006 0:00:00,9,
586,7/13/2006 0:00:00,9,
587,7/14/2006 0:00:00,9,
588,7/15/2006 0:00:00,9,
589,3/13/2007 0:00:00,1,
590,3/14/2007 0:00:00,1,
591,3/16/2007 0:00:00,1,
592,3/17/2007 0:00:00,1,
593,3/26/2007 0:00:00,2,
594,3/27/2007 0:00:00,2,
595,3/28/2007 0:00:00,2,
596,3/29/2007 0:00:00,2,
597,3/30/2007 0:00:00,2,
598,4/9/2007 0:00:00,3,
599,4/10/2007 0:00:00,3,
600,4/11/2007 0:00:00,3,
601,4/12/2007 0:00:00,3,
602,4/13/2007 0:00:00,3,
603,4/23/2007 0:00:00,4,
604,4/24/2007 0:00:00,4,
605,4/25/2007 0:00:00,4,
606,4/26/2007 0:00:00,4,
607,4/27/2007 0:00:00,4,
608,5/7/2007 0:00:00,5,
609,5/9/2007 0:00:00,5,
610,5/10/2007 0:00:00,5,
611,5/11/2007 0:00:00,5,
612,5/12/2007 0:00:00,5,
613,5/21/2007 0:00:00,6,
614,5/22/2007 0:00:00,6,
615,5/23/2007 0:00:00,6,
616,5/24/2007 0:00:00,6,
617,5/25/2007 0:00:00,6,
618,5/26/2007 0:00:00,6,
619,6/4/2007 0:00:00,7,
620,6/5/2007 0:00:00,7,
621,6/6/2007 0:00:00,7,
622,6/7/2007 0:00:00,7,
623,6/8/2007 0:00:00,7,
624,6/9/2007 0:00:00,7,
625,6/18/2007 0:00:00,8,
626,6/19/2007 0:00:00,8,
627,6/20/2007 0:00:00,8,
628,6/21/2007 0:00:00,8,
629,6/22/2007 0:00:00,8,
630,6/23/2007 0:00:00,8,
631,7/2/2007 0:00:00,9,
632,7/3/2007 0:00:00,9,
633,7/5/2007 0:00:00,9,
634,7/6/2007 0:00:00,9,
635,7/7/2007 0:00:00,9,
636,3/3/2008 0:00:00,11,
637,3/5/2008 0:00:00,11,
638,3/6/2008 0:00:00,11,
639,3/7/2008 0:00:00,11,
640,3/17/2008 0:00:00,1,
641,3/18/2008 0:00:00,1,
642,3/19/2008 0:00:00,1,
643,3/20/2008 0:00:00,1,
644,3/21/2008 0:00:00,1,
645,4/1/2008 0:00:00,2,
646,4/2/2008 0:00:00,2,
647,4/3/2008 0:00:00,2,
648,4/4/2008 0:00:00,2,
649,4/14/2008 0:00:00,3,
650,4/15/2008 0:00:00,3,
651,4/16/2008 0:00:00,3,
652,4/17/2008 0:00:00,3,
653,4/18/2008 0:00:00,3,
654,4/28/2008 0:00:00,4,
655,4/29/2008 0:00:00,4,
656,4/30/2008 0:00:00,4,
657,5/1/2008 0:00:00,4,
658,5/2/2008 0:00:00,4,
659,5/12/2008 0:00:00,5,
660,5/13/2008 0:00:00,5,
661,5/15/2008 0:00:00,5,
662,5/16/2008 0:00:00,5,
663,5/27/2008 0:00:00,6,
664,5/28/2008 0:00:00,6,
665,5/29/2008 0:00:00,6,
666,5/30/2008 0:00:00,6,
667,6/9/2008 0:00:00,7,
668,6/10/2008 0:00:00,7,
669,6/11/2008 0:00:00,7,
670,6/12/2008 0:00:00,7,
671,6/13/2008 0:00:00,7,
672,6/23/2008 0:00:00,8,
673,6/24/2008 0:00:00,8,
674,6/25/2008 0:00:00,8,
675,6/26/2008 0:00:00,8,
676,6/27/2008 0:00:00,8,
677,7/7/2008 0:00:00,9,
678,7/8/2008 0:00:00,9,
679,7/9/2008 0:00:00,9,
680,7/10/2008 0:00:00,9,
681,7/11/2008 0:00:00,9,
682,3/9/2009 0:00:00,1,
683,3/10/2009 0:00:00,1,
684,3/11/2009 0:00:00,1,
685,3/12/2009 0:00:00,1,
686,3/13/2009 0:00:00,1,
687,3/23/2009 0:00:00,2,
688,3/24/2009 0:00:00,2,
689,3/25/2009 0:00:00,2,
690,3/26/2009 0:00:00,2,
691,3/27/2009 0:00:00,2,
692,4/6/2009 0:00:00,3,
693,4/7/2009 0:00:00,3,
694,4/8/2009 0:00:00,3,
695,4/9/2009 0:00:00,3,
696,4/20/2009 0:00:00,4,
697,4/21/2009 0:00:00,4,
698,4/22/2009 0:00:00,4,
699,4/23/2009 0:00:00,4,
700,4/24/2009 0:00:00,4,
701,5/4/2009 0:00:00,5,
702,5/5/2009 0:00:00,5,
703,5/6/2009 0:00:00,5,
704,5/7/2009 0:00:00,5,
705,5/8/2009 0:00:00,5,
706,5/18/2009 0:00:00,6,
707,5/19/2009 0:00:00,6,
708,5/20/2009 0:00:00,6,
709,5/21/2009 0:00:00,6,
710,5/22/2009 0:00:00,6,
711,6/1/2009 0:00:00,7,
712,6/2/2009 0:00:00,7,
713,6/3/2009 0:00:00,7,
714,6/4/2009 0:00:00,7,
715,6/15/2009 0:00:00,8,
716,6/16/2009 0:00:00,8,
717,6/17/2009 0:00:00,8,
718,6/29/2009 0:00:00,9,
719,6/30/2009 0:00:00,9,
720,7/1/2009 0:00:00,9,
721,7/2/2009 0:00:00,9,
722,3/15/2010 0:00:00,1,
723,3/16/2010 0:00:00,1,
724,3/17/2010 0:00:00,1,
725,3/18/2010 0:00:00,1,
726,3/29/2010 0:00:00,2,
727,3/30/2010 0:00:00,2,
728,4/1/2010 0:00:00,2,
729,4/12/2010 0:00:00,3,
730,4/13/2010 0:00:00,3,
731,4/14/2010 0:00:00,3,
732,4/15/2010 0:00:00,3,
733,4/26/2010 0:00:00,4,
734,4/27/2010 0:00:00,4,
735,4/28/2010 0:00:00,4,
736,4/29/2010 0:00:00,4,
737,5/10/2010 0:00:00,5,
738,5/11/2010 0:00:00,5,
739,5/12/2010 0:00:00,5,
740,5/13/2010 0:00:00,5,
741,5/24/2010 0:00:00,6,
742,5/25/2010 0:00:00,6,
743,5/26/2010 0:00:00,6,
744,5/27/2010 0:00:00,6,
745,6/7/2010 0:00:00,7,
746,6/8/2010 0:00:00,7,
747,6/9/2010 0:00:00,7,
748,6/10/2010 0:00:00,7,
749,6/21/2010 0:00:00,8,
750,6/22/2010 0:00:00,8,
751,6/23/2010 0:00:00,8,
752,6/24/2010 0:00:00,8,
753,6/25/2010 0:00:00,8,
754,7/6/2010 0:00:00,9,
755,7/7/2010 0:00:00,9,
756,7/8/2010 0:00:00,9,
757,3/14/2011 0:00:00,1,
758,3/15/2011 0:00:00,1,
759,3/16/2011 0:00:00,1,
760,3/17/2011 0:00:00,1,
761,3/28/2011 0:00:00,2,
762,3/29/2011 0:00:00,2,
763,3/30/2011 0:00:00,2,
764,4/1/2011 0:00:00,2,
765,4/11/2011 0:00:00,3,
766,4/12/2011 0:00:00,3,
767,4/13/2011 0:00:00,3,
768,4/14/2011 0:00:00,3,
769,4/25/2011 0:00:00,4,
770,4/26/2011 0:00:00,4,
771,4/27/2011 0:00:00,4,
772,4/28/2011 0:00:00,4,
773,5/9/2011 0:00:00,5,
774,5/10/2011 0:00:00,5,
775,5/11/2011 0:00:00,5,
776,5/12/2011 0:00:00,5,
777,5/23/2011 0:00:00,6,
778,5/24/2011 0:00:00,6,
779,5/25/2011 0:00:00,6,
780,5/26/2011 0:00:00,6,
781,6/6/2011 0:00:00,7,
782,6/7/2011 0:00:00,7,
783,6/8/2011 0:00:00,7,
784,6/9/2011 0:00:00,7,
785,6/20/2011 0:00:00,8,
786,6/21/2011 0:00:00,8,
787,6/22/2011 0:00:00,8,
788,6/23/2011 0:00:00,8,
789,7/5/2011 0:00:00,9,
790,7/6/2011 0:00:00,9,
791,7/7/2011 0:00:00,9,
792,7/8/2011 0:00:00,9,
793,3/12/2012 0:00:00,1,
794,3/13/2012 0:00:00,1,
795,3/14/2012 0:00:00,1,
796,3/15/2012 0:00:00,1,
797,3/26/2012 0:00:00,2,
798,3/27/2012 0:00:00,2,
799,3/28/2012 0:00:00,2,
800,3/29/2012 0:00:00,2,
801,4/9/2012 0:00:00,3,
802,4/10/2012 0:00:00,3,
803,4/11/2012 0:00:00,3,
804,4/12/2012 0:00:00,3,
805,4/23/2012 0:00:00,4,
806,4/24/2012 0:00:00,4,
807,4/25/2012 0:00:00,4,
808,4/26/2012 0:00:00,4,
809,5/7/2012 0:00:00,5,
810,5/8/2012 0:00:00,5,
811,5/9/2012 0:00:00,5,
812,5/10/2012 0:00:00,5,
813,5/21/2012 0:00:00,6,
814,5/22/2012 0:00:00,6,
815,5/23/2012 0:00:00,6,
816,5/24/2012 0:00:00,6,
817,6/4/2012 0:00:00,7,
818,6/5/2012 0:00:00,7,
819,6/6/2012 0:00:00,7,
820,6/7/2012 0:00:00,7,
821,6/18/2012 0:00:00,8,
822,6/19/2012 0:00:00,8,
823,6/20/2012 0:00:00,8,
824,6/21/2012 0:00:00,8,
825,7/9/2012 0:00:00,9,
826,7/10/2012 0:00:00,9,
827,7/11/2012 0:00:00,9,
828,7/12/2012 0:00:00,9,
829,3/11/2013 0:00:00,1,
830,3/12/2013 0:00:00,1,
831,3/13/2013 0:00:00,1,
832,3/14/2013 0:00:00,1,
833,3/25/2013 0:00:00,2,
834,3/26/2013 0:00:00,2,
835,3/27/2013 0:00:00,2,
836,3/28/2013 0:00:00,2,
837,4/8/2013 0:00:00,3,
838,4/9/2013 0:00:00,3,
839,4/10/2013 0:00:00,3,
840,4/11/2013 0:00:00,3,
841,4/22/2013 0:00:00,4,
842,4/23/2013 0:00:00,4,
843,4/24/2013 0:00:00,4,
844,4/25/2013 0:00:00,4,
845,5/6/2013 0:00:00,5,
846,5/7/2013 0:00:00,5,
847,5/8/2013 0:00:00,5,
848,5/9/2013 0:00:00,5,
849,5/20/2013 0:00:00,6,
850,5/21/2013 0:00:00,6,
851,5/22/2013 0:00:00,6,
852,5/23/2013 0:00:00,6,
853,6/3/2013 0:00:00,7,
854,6/4/2013 0:00:00,7,
855,6/5/2013 0:00:00,7,
856,6/6/2013 0:00:00,7,
857,6/17/2013 0:00:00,8,
858,6/18/2013 0:00:00,8,
859,6/19/2013 0:00:00,8,
860,6/20/2013 0:00:00,8,
861,7/1/2013 0:00:00,9,
862,7/2/2013 0:00:00,9,
863,7/3/2013 0:00:00,9,
864,3/17/2014 0:00:00,1,
865,3/18/2014 0:00:00,1,
866,3/19/2014 0:00:00,1,
867,3/20/2014 0:00:00,1,
868,3/21/2014 0:00:00,1,
869,4/1/2014 0:00:00,2,
870,4/2/2014 0:00:00,2,
871,4/3/2014 0:00:00,2,
872,4/4/2014 0:00:00,2,
873,4/14/2014 0:00:00,3,
874,4/15/2014 0:00:00,3,
875,4/16/2014 0:00:00,3,
876,4/17/2014 0:00:00,3,
877,4/28/2014 0:00:00,4,
878,4/29/2014 0:00:00,4,
879,4/30/2014 0:00:00,4,
880,5/1/2014 0:00:00,4,
881,5/12/2014 0:00:00,5,
882,5/13/2014 0:00:00,5,
883,5/14/2014 0:00:00,5,
884,5/15/2014 0:00:00,5,
885,5/27/2014 0:00:00,6,
886,5/29/2014 0:00:00,6,
887,6/2/2014 0:00:00,6,
888,6/9/2014 0:00:00,7,
889,6/10/2014 0:00:00,7,
890,6/11/2014 0:00:00,7,
891,6/12/2014 0:00:00,7,
892,6/23/2014 0:00:00,8,
893,6/24/2014 0:00:00,8,
894,6/25/2014 0:00:00,8,
895,6/26/2014 0:00:00,8,
896,7/7/2014 0:00:00,9,
897,7/8/2014 0:00:00,9,
898,7/9/2014 0:00:00,9,
899,7/10/2014 0:00:00,9,
900,3/16/2015 0:00:00,1,
901,3/17/2015 0:00:00,1,
902,3/18/2015 0:00:00,1,
903,3/19/2015 0:00:00,1,
904,3/20/2015 0:00:00,1,
905,3/30/2015 0:00:00,2,
906,4/1/2015 0:00:00,2,
907,4/2/2015 0:00:00,2,
908,4/3/2015 0:00:00,2,
909,4/6/2015 0:00:00,2,
910,4/7/2015 0:00:00,2,
911,4/8/2015 0:00:00,2,
912,4/13/2015 0:00:00,3,
913,4/14/2015 0:00:00,3,
914,4/15/2015 0:00:00,3,
915,4/16/2015 0:00:00,3,
916,4/27/2015 0:00:00,4,
917,4/28/2015 0:00:00,4,
918,4/29/2015 0:00:00,4,
919,4/30/2015 0:00:00,4,
920,5/11/2015 0:00:00,5,
921,5/12/2015 0:00:00,5,
922,5/13/2015 0:00:00,5,
923,5/14/2015 0:00:00,5,
924,5/26/2015 0:00:00,6,
925,5/27/2015 0:00:00,6,
926,5/28/2015 0:00:00,6,
927,5/29/2015 0:00:00,6,
928,6/8/2015 0:00:00,7,
929,6/9/2015 0:00:00,7,
930,6/10/2015 0:00:00,7,
931,6/11/2015 0:00:00,7,
932,6/22/2015 0:00:00,8,
933,6/23/2015 0:00:00,8,
934,6/24/2015 0:00:00,8,
935,6/25/2015 0:00:00,8,
936,7/6/2015 0:00:00,9,
937,7/7/2015 0:00:00,9,
938,7/8/2015 0:00:00,9,
939,3/14/2016 0:00:00,1,
940,3/15/2016 0:00:00,1,
941,3/16/2016 0:00:00,1,
942,3/17/2016 0:00:00,1,
943,3/28/2016 0:00:00,2,
944,3/29/2016 0:00:00,2,
945,3/30/2016 0:00:00,2,
946,3/31/2016 0:00:00,2,
947,4/11/2016 0:00:00,3,
948,4/12/2016 0:00:00,3,
949,4/13/2016 0:00:00,3,
950,4/14/2016 0:00:00,3,
951,4/25/2016 0:00:00,4,
952,4/26/2016 0:00:00,4,
953,4/27/2016 0:00:00,4,
954,4/28/2016 0:00:00,4,
955,5/10/2016 0:00:00,5,
956,5/11/2016 0:00:00,5,
957,5/12/2016 0:00:00,5,
958,5/13/2016 0:00:00,5,
959,5/23/2016 0:00:00,6,
960,5/24/2016 0:00:00,6,
961,5/25/2016 0:00:00,6,
962,5/26/2016 0:00:00,6,
963,6/6/2016 0:00:00,7,
964,6/7/2016 0:00:00,7,
965,6/8/2016 0:00:00,7,
966,6/9/2016 0:00:00,7,
967,6/20/2016 0:00:00,8,
968,6/21/2016 0:00:00,8,
969,6/22/2016 0:00:00,8,
970,6/23/2016 0:00:00,8,
971,7/5/2016 0:00:00,9,
972,7/6/2016 0:00:00,9,
973,7/7/2016 0:00:00,9,
974,3/13/2017 0:00:00,1,
975,3/14/2017 0:00:00,1,
976,3/15/2017 0:00:00,1,
977,3/27/2017 0:00:00,2,
978,3/16/2017 0:00:00,1,
979,3/28/2017 0:00:00,2,
980,3/29/2017 0:00:00,2,
981,3/30/2017 0:00:00,2,
982,4/10/2017 0:00:00,3,
983,4/11/2017 0:00:00,3,
984,4/12/2017 0:00:00,3,
985,4/13/2017 0:00:00,3,
986,4/24/2017 0:00:00,4,
987,4/25/2017 0:00:00,4,
988,4/26/2017 0:00:00,4,
989,4/27/2017 0:00:00,4,
990,5/8/2017 0:00:00,5,
991,5/9/2017 0:00:00,5,
992,5/10/2017 0:00:00,5,
993,5/11/2017 0:00:00,5,
994,5/22/2017 0:00:00,6,
995,5/23/2017 0:00:00,6,
996,5/24/2017 0:00:00,6,
997,6/5/2017 0:00:00,7,
998,6/6/2017 0:00:00,7,
999,6/7/2017 0:00:00,7,
1000,5/25/2017 0:00:00,6,
1001,6/19/2017 0:00:00,8,
1002,6/20/2017 0:00:00,8,
1003,6/21/2017 0:00:00,8,
1004,7/5/2017 0:00:00,9,
1005,7/6/2017 0:00:00,9,
1006,7/7/2017 0:00:00,9,
1007,6/8/2017 0:00:00,7,
1008,6/22/2017 0:00:00,8,
1009,3/12/2018 0:00:00,1,
1010,3/13/2018 0:00:00,1,
1011,3/14/2018 0:00:00,1,
1012,3/15/2018 0:00:00,1,
1013,3/26/2018 0:00:00,2,
1014,3/27/2018 0:00:00,2,
1015,3/28/2018 0:00:00,2,
1016,3/29/2018 0:00:00,2,
1017,4/9/2018 0:00:00,3,
1018,4/10/2018 0:00:00,3,
1019,4/11/2018 0:00:00,3,
1020,4/12/2018 0:00:00,3,
1021,4/23/2018 0:00:00,4,
1022,4/24/2018 0:00:00,4,
1023,4/25/2018 0:00:00,4,
1024,4/27/2018 0:00:00,4,
1025,5/7/2018 0:00:00,5,
1026,5/8/2018 0:00:00,5,
1027,5/9/2018 0:00:00,5,
1028,5/10/2018 0:00:00,5,
1029,5/21/2018 0:00:00,6,
1030,5/22/2018 0:00:00,6,
1031,5/23/2018 0:00:00,6,
1032,5/24/2018 0:00:00,6,
1033,6/4/2018 0:00:00,7,
1034,6/5/2018 0:00:00,7,
1035,6/6/2018 0:00:00,7,
1036,6/7/2018 0:00:00,7,
1037,6/18/2018 0:00:00,8,
1038,6/19/2018 0:00:00,8,
1039,6/20/2018 0:00:00,8,
1040,6/21/2018 0:00:00,8,
1041,7/2/2018 0:00:00,9,
1042,7/3/2018 0:00:00,9,
1043,7/5/2018 0:00:00,9,
1044,7/6/2018 0:00:00,9,
1045,3/11/2019 0:00:00,1,
1046,3/12/2019 0:00:00,1,
1047,3/13/2019 0:00:00,1,
1048,3/27/2019 0:00:00,2,
1049,3/25/2019 0:00:00,2,
1050,3/26/2019 0:00:00,2,
1051,3/28/2019 0:00:00,2,
1052,4/8/2019 0:00:00,3,
1053,4/9/2019 0:00:00,3,
1054,4/10/2019 0:00:00,3,
1055,4/22/2019 0:00:00,4,
1056,4/23/2019 0:00:00,4,
1057,4/29/2019 0:00:00,4,
1058,4/24/2019 0:00:00,4,
1059,4/26/2019 0:00:00,4,
1060,4/25/2019 0:00:00,4,
1061,5/6/2019 0:00:00,5,
1062,5/7/2019 0:00:00,5,
1063,5/8/2019 0:00:00,5,
1064,5/13/2019 0:00:00,5,
1065,5/20/2019 0:00:00,6,
1066,5/21/2019 0:00:00,6,
1067,5/22/2019 0:00:00,6,
1068,6/3/2019 0:00:00,7,
1070,6/4/2019 0:00:00,7,
1071,6/5/2019 0:00:00,7,
1072,5/14/2019 0:00:00,5,
1073,6/17/2019 0:00:00,8,
1074,6/18/2019 0:00:00,8,
1075,7/1/2019 0:00:00,9,
1076,7/2/2019 0:00:00,9,
1077,5/23/2019 0:00:00,6,
1078,5/9/2019 0:00:00,5,
1079,5/10/2019 0:00:00,5,
1080,6/6/2019 0:00:00,7,
1081,7/3/2019 0:00:00,9,
1082,3/14/2019 0:00:00,1,
1083,4/11/2019 0:00:00,3,
1085,6/19/2019 0:00:00,8,
1086,6/20/2019 0:00:00,8,
1087,3/16/2020 0:00:00,1,
1089,3/17/2020 0:00:00,1,
1096,3/18/2020 0:00:00,1,
1099,4/13/2020 0:00:00,3,
1100,4/14/2020 0:00:00,3,
1101,4/15/2020 0:00:00,3,
1102,4/27/2020 0:00:00,4,
1106,4/29/2020 0:00:00,4,
1107,4/28/2020 0:00:00,4,
1108,5/13/2020 0:00:00,5,
1109,5/12/2020 0:00:00,5,
1110,5/11/2020 0:00:00,5,
1111,5/14/2020 0:00:00,5,
1112,5/15/2020 0:00:00,5,
1113,5/18/2020 0:00:00,5,
1116,5/26/2020 0:00:00,6,
1117,5/27/2020 0:00:00,6,
1118,5/28/2020 0:00:00,6,
1121,5/29/2020 0:00:00,6,
1122,6/2/2020 0:00:00,6,
1123,6/9/2020 0:00:00,7,
1124,6/8/2020 0:00:00,7,
1125,6/10/2020 0:00:00,7,
1126,6/11/2020 0:00:00,7,
1127,6/12/2020 0:00:00,7,
1128,6/22/2020 0:00:00,8,
1129,6/23/2020 0:00:00,8,
1130,6/24/2020 0:00:00,8,
1131,6/25/2020 0:00:00,8,
1132,7/7/2020 0:00:00,9,
1133,7/6/2020 0:00:00,9,
1134,7/9/2020 0:00:00,9,
1135,7/10/2020 0:00:00,9,
1136,7/8/2020 0:00:00,9,
